RMSE,MSE,Pearson,Spearman,CI
0.4681698865213934,0.21918304,0.8482642933655583,0.6972424573218854,0.899604284440854
0.4979602364374007,0.2479644,0.8337219532990219,0.6732214169824728,0.8844147873972821
0.47832106702752064,0.22879104,0.828485530284984,0.6733493293277143,0.8881413766947707
0.4549082492187745,0.20694152,0.8493723750365946,0.6846033519013492,0.8919162810705455
0.4681690271501842,0.21918224,0.8435204420712377,0.6765216961463179,0.8897078414370074
