RMSE,MSE,Pearson,Spearman,CI
0.5385300868084943,0.29001465,0.846001415941698,0.6852305193997317,0.8821472704816636
0.4819607712523591,0.23228619,0.8526477258458456,0.6936359222041871,0.8900880469211637
0.4985757450689057,0.24857777,0.8380240360724582,0.6877302517946784,0.8851593741370198
0.47221917049350615,0.22299094,0.843324751374109,0.6771346779360256,0.8825581126252037
0.49885598077269616,0.24885729,0.8323177103864148,0.6937494616945676,0.8873446215975126
