RMSE,MSE,Pearson,Spearman,CI
0.49387390115258917,0.24391143,0.8434280972528729,0.7108005655897677,0.8940225600979372
0.49740804953494366,0.24741477,0.8462616390692056,0.6964093561470956,0.884951108452466
0.4690892898970658,0.22004476,0.8528607848772561,0.6937371504391444,0.8921159992762252
0.4829709098715789,0.2332609,0.8603213629745711,0.7057427100402347,0.8930662030907793
0.49537110448283106,0.24539253,0.8428747726454746,0.7011202255567229,0.8908215647750206
