RMSE,MSE,Pearson,Spearman,CI
0.4725255864396,0.22328043,0.8384252277479542,0.687192184076347,0.8819140751847213
0.473352502677606,0.22406259,0.8470077974182356,0.6661893379459626,0.8755920759133771
0.47062725231244684,0.22149001,0.84216474195459,0.6945098242747665,0.8911697545158592
0.4969915541213303,0.2470006,0.829765635647271,0.6817398015832401,0.8824040901935881
0.4918446179062425,0.24191113,0.8381256979729202,0.6820988631601848,0.8800854514925119
