RMSE,MSE,Pearson,Spearman,CI
0.5146792147443779,0.2648947,0.8432916587661063,0.6897226428056812,0.8861961122346362
0.5197907566936634,0.27018243,0.8451712922233963,0.6992347851345069,0.8827859178906101
0.478546172743449,0.22900644,0.8544557907371513,0.7014337348658882,0.8918379172043265
0.5223838392752641,0.27288488,0.829442606170633,0.6858859477928315,0.880486439097201
0.4897867111751516,0.23989102,0.8482455602474296,0.7014123141615214,0.8898011786401729
